[{"model": "contenttypes.contenttype", "pk": 1, "fields": {"app_label": "admin", "model": "logentry"}}, {"model": "contenttypes.contenttype", "pk": 2, "fields": {"app_label": "auth", "model": "permission"}}, {"model": "contenttypes.contenttype", "pk": 3, "fields": {"app_label": "auth", "model": "group"}}, {"model": "contenttypes.contenttype", "pk": 4, "fields": {"app_label": "auth", "model": "user"}}, {"model": "contenttypes.contenttype", "pk": 5, "fields": {"app_label": "contenttypes", "model": "contenttype"}}, {"model": "contenttypes.contenttype", "pk": 6, "fields": {"app_label": "sessions", "model": "session"}}, {"model": "contenttypes.contenttype", "pk": 7, "fields": {"app_label": "carbontax", "model": "emissioninstance"}}, {"model": "contenttypes.contenttype", "pk": 8, "fields": {"app_label": "carbontax", "model": "economymetric"}}, {"model": "contenttypes.contenttype", "pk": 9, "fields": {"app_label": "carbontax", "model": "vehicle"}}, {"model": "contenttypes.contenttype", "pk": 10, "fields": {"app_label": "carbontax", "model": "fueltype"}}, {"model": "contenttypes.contenttype", "pk": 11, "fields": {"app_label": "carbontax", "model": "profile"}}, {"model": "sessions.session", "pk": "kryce307z6xzl6m4nlky18ek9vjwq6u8", "fields": {"session_data": "NDk4ZWNmYjM0OTJlZDc1NTM2Yjc2MmNjZGU2MGVkZjExMTMyMDEwZDp7Il9hdXRoX3VzZXJfaWQiOiIxIiwiX2F1dGhfdXNlcl9iYWNrZW5kIjoiZGphbmdvLmNvbnRyaWIuYXV0aC5iYWNrZW5kcy5Nb2RlbEJhY2tlbmQiLCJfYXV0aF91c2VyX2hhc2giOiI0Y2Y1Y2MwZTk3MGJlZWM2NjI0Njg2ZWUwMzhlNDI1NzFkZWE3MDljIn0=", "expire_date": "2020-05-26T18:38:32.207Z"}}, {"model": "carbontax.emissioninstance", "pk": 19, "fields": {"name": "Unnamed trip", "date": "2020-01-01", "travel_mode": "Rec driving", "distance": 123.0, "co2_output_kg": 34.0956, "price": 1.0, "user": null}}, {"model": "carbontax.emissioninstance", "pk": 21, "fields": {"name": "Unnamed trip", "date": "2020-01-01", "travel_mode": "Rec driving", "distance": 123.0, "co2_output_kg": 34.0956, "price": 1.0, "user": null}}, {"model": "carbontax.emissioninstance", "pk": 22, "fields": {"name": "Unnamed trip", "date": "2020-01-01", "travel_mode": "Rec driving", "distance": 123.0, "co2_output_kg": 34.0956, "price": 1.0, "user": null}}, {"model": "carbontax.emissioninstance", "pk": 23, "fields": {"name": "Unnamed trip", "date": "2020-01-01", "travel_mode": "Rec driving", "distance": 123.0, "co2_output_kg": 34.0956, "price": 1.0, "user": null}}, {"model": "carbontax.emissioninstance", "pk": 24, "fields": {"name": "Unnamed trip", "date": "2020-01-01", "travel_mode": "Rec driving", "distance": 123.0, "co2_output_kg": 34.0956, "price": 1.0, "user": null}}, {"model": "carbontax.emissioninstance", "pk": 25, "fields": {"name": "Unnamed trip", "date": "2020-01-01", "travel_mode": "Rec driving", "distance": 123.0, "co2_output_kg": 34.0956, "price": 1.0, "user": null}}, {"model": "carbontax.emissioninstance", "pk": 26, "fields": {"name": "Unnamed trip", "date": "2020-01-01", "travel_mode": "Rec driving", "distance": 123.0, "co2_output_kg": 34.0956, "price": 1.0, "user": null}}, {"model": "carbontax.emissioninstance", "pk": 27, "fields": {"name": "Unnamed trip", "date": "2020-01-01", "travel_mode": "Rec driving", "distance": 123.0, "co2_output_kg": 34.0956, "price": 1.0, "user": null}}, {"model": "carbontax.emissioninstance", "pk": 28, "fields": {"name": "Unnamed trip", "date": "2020-01-01", "travel_mode": "Rec driving", "distance": 123.0, "co2_output_kg": 34.0956, "price": 1.0, "user": null}}, {"model": "carbontax.emissioninstance", "pk": 29, "fields": {"name": "Unnamed trip", "date": "2020-01-01", "travel_mode": "Rec driving", "distance": 123.0, "co2_output_kg": 34.0956, "price": 1.0, "user": null}}, {"model": "carbontax.emissioninstance", "pk": 30, "fields": {"name": "Unnamed trip", "date": "2020-01-01", "travel_mode": "Rec driving", "distance": 123.0, "co2_output_kg": 34.0956, "price": 1.0, "user": null}}, {"model": "carbontax.emissioninstance", "pk": 31, "fields": {"name": "Unnamed trip", "date": "2020-01-01", "travel_mode": "Rec driving", "distance": 123.0, "co2_output_kg": 34.0956, "price": 1.0, "user": null}}, {"model": "carbontax.emissioninstance", "pk": 32, "fields": {"name": "Unnamed trip", "date": "2020-01-01", "travel_mode": "Rec driving", "distance": 123.0, "co2_output_kg": 34.0956, "price": 1.0, "user": null}}, {"model": "carbontax.emissioninstance", "pk": 33, "fields": {"name": "Unnamed trip", "date": "2020-01-01", "travel_mode": "Rec driving", "distance": 123.0, "co2_output_kg": 34.0956, "price": 1.0, "user": null}}, {"model": "carbontax.emissioninstance", "pk": 34, "fields": {"name": "Unnamed trip", "date": "2020-01-01", "travel_mode": "Rec driving", "distance": 123.0, "co2_output_kg": 34.0956, "price": 1.0, "user": null}}, {"model": "carbontax.emissioninstance", "pk": 35, "fields": {"name": "Unnamed trip", "date": "2020-01-01", "travel_mode": "Rec driving", "distance": 123.0, "co2_output_kg": 34.0956, "price": 1.0, "user": null}}, {"model": "carbontax.emissioninstance", "pk": 37, "fields": {"name": "qwe4444q", "date": "2020-04-11", "travel_mode": "qweq", "distance": 123.0, "co2_output_kg": 123.0, "price": 1.0, "user": null}}, {"model": "carbontax.emissioninstance", "pk": 38, "fields": {"name": "Unnamed trip", "date": "2020-01-01", "travel_mode": "Rec driving", "distance": 123.0, "co2_output_kg": 34.0956, "price": 1.0, "user": "member"}}, {"model": "carbontax.emissioninstance", "pk": 39, "fields": {"name": "Unnamed trip", "date": "2020-01-01", "travel_mode": "Rec driving", "distance": 456.0, "co2_output_kg": 147.4704, "price": 1.0, "user": "member"}}, {"model": "carbontax.emissioninstance", "pk": 40, "fields": {"name": "Unnamed trip", "date": "2020-01-01", "travel_mode": "Rec driving", "distance": 456.0, "co2_output_kg": 147.4704, "price": 1.0, "user": "member"}}, {"model": "carbontax.emissioninstance", "pk": 41, "fields": {"name": "Unnamed trip", "date": "2020-05-11", "travel_mode": "Rec driving", "distance": 123.0, "co2_output_kg": 349.4799, "price": 1.0, "user": "member"}}, {"model": "carbontax.emissioninstance", "pk": 42, "fields": {"name": "Unnamed trip", "date": "2020-05-11", "travel_mode": "Rec driving", "distance": 123.0, "co2_output_kg": 34.0956, "price": 1.0, "user": "member"}}, {"model": "carbontax.emissioninstance", "pk": 43, "fields": {"name": "Unnamed trip", "date": "2020-05-14", "travel_mode": "Rec driving", "distance": 123.0, "co2_output_kg": 34.0956, "price": 1.0, "user": "member"}}, {"model": "carbontax.emissioninstance", "pk": 44, "fields": {"name": "Unnamed trip", "date": "2020-05-11", "travel_mode": "Rec driving", "distance": 123.0, "co2_output_kg": 45.756, "price": 1.0, "user": "member"}}, {"model": "carbontax.emissioninstance", "pk": 45, "fields": {"name": "Squamish, BC, Canada to Whistler, BC V0N, Canada", "date": "2020-05-11", "travel_mode": "Rec driving", "distance": 58.73, "co2_output_kg": 16.279956, "price": 1.0, "user": "member"}}, {"model": "carbontax.emissioninstance", "pk": 46, "fields": {"name": "Unnamed trip", "date": "2020-05-11", "travel_mode": "Rec driving", "distance": 123.0, "co2_output_kg": 45.756, "price": 1.0, "user": "member"}}, {"model": "carbontax.emissioninstance", "pk": 47, "fields": {"name": "Melbourne VIC to Mount Arapiles", "date": "2020-05-11", "travel_mode": "Rec driving", "distance": 336.544, "co2_output_kg": 93.28999679999998, "price": 1.0, "user": "member"}}, {"model": "carbontax.emissioninstance", "pk": 48, "fields": {"name": "Melbourne VIC to Mount Arapiles", "date": "2020-05-11", "travel_mode": "Rec driving", "distance": 336.544, "co2_output_kg": 156.49295999999998, "price": 1.0, "user": "member"}}, {"model": "carbontax.emissioninstance", "pk": 49, "fields": {"name": "Unnamed trip", "date": "2020-05-11", "travel_mode": "Rec driving", "distance": 123.0, "co2_output_kg": 349.4799, "price": 1.0, "user": "member"}}, {"model": "carbontax.emissioninstance", "pk": 50, "fields": {"name": "Unnamed trip", "date": "2020-05-12", "travel_mode": "Rec driving", "distance": 123.0, "co2_output_kg": 26.409229504536288, "price": 1.0, "user": "member"}}, {"model": "carbontax.emissioninstance", "pk": 51, "fields": {"name": "Unnamed blah", "date": "2020-05-12", "travel_mode": "Rec driving", "distance": 123.0, "co2_output_kg": 34.0956, "price": 1.0, "user": "member"}}, {"model": "carbontax.emissioninstance", "pk": 52, "fields": {"name": "Unnafs", "date": "2020-05-22", "travel_mode": "Rec driving", "distance": 123.0, "co2_output_kg": 34.0956, "price": 1.0, "user": "member"}}, {"model": "carbontax.emissioninstance", "pk": 53, "fields": {"name": "Unnamed Tripppp", "date": "2020-05-12", "travel_mode": "Rec driving", "distance": 1234.0, "co2_output_kg": 342.06479999999993, "price": 1.0, "user": "member"}}, {"model": "carbontax.emissioninstance", "pk": 54, "fields": {"name": "Unnamed Trip", "date": "2020-05-12", "travel_mode": "Rec driving", "distance": 100.0, "co2_output_kg": 32.34, "price": 1.0, "user": "member"}}, {"model": "carbontax.emissioninstance", "pk": 55, "fields": {"name": "Unnamed Trip", "date": "2020-05-12", "travel_mode": "Rec driving", "distance": 100.0, "co2_output_kg": 32.34, "price": 1.0, "user": "member"}}, {"model": "carbontax.emissioninstance", "pk": 56, "fields": {"name": "Melbourne VIC to Mount Arapiles", "date": "2020-05-12", "travel_mode": "Rec driving", "distance": 336.544, "co2_output_kg": 72.2590872713387, "price": 1.0, "user": "member"}}, {"model": "carbontax.emissioninstance", "pk": 57, "fields": {"name": "Unnamed Trip", "date": "2020-05-12", "travel_mode": "Rec driving", "distance": 12.0, "co2_output_kg": 3.3264, "price": 1.0, "user": "member"}}, {"model": "carbontax.emissioninstance", "pk": 58, "fields": {"name": "Vancouver to Whistler", "date": "2020-05-12", "travel_mode": "Rec driving", "distance": 120.942, "co2_output_kg": 33.525122399999994, "price": 1.0, "user": "member"}}, {"model": "carbontax.emissioninstance", "pk": 59, "fields": {"name": "Vancouver to Whistler", "date": "2020-05-12", "travel_mode": "Rec driving", "distance": 120.942, "co2_output_kg": 33.525122399999994, "price": 1.0, "user": "member"}}, {"model": "carbontax.emissioninstance", "pk": 60, "fields": {"name": "Default Trip Name", "date": "2020-05-12", "travel_mode": "Rec driving", "distance": 12.0, "co2_output_kg": 3.3264, "price": 1.0, "user": "member"}}, {"model": "carbontax.emissioninstance", "pk": 61, "fields": {"name": "Default Trip Name", "date": "2020-05-13", "travel_mode": "Rec driving", "distance": 12.0, "co2_output_kg": 34.0956, "price": 1.0, "user": "member"}}, {"model": "carbontax.emissioninstance", "pk": 62, "fields": {"name": "Default Trip Name", "date": "2020-05-13", "travel_mode": "Rec driving", "distance": 1234.0, "co2_output_kg": 3506.1641999999997, "price": 1.0, "user": "member"}}, {"model": "carbontax.fueltype", "pk": 1, "fields": {"name": "Petrol", "unit": "L", "co2_per_unit": 2.31}}, {"model": "carbontax.fueltype", "pk": 2, "fields": {"name": "Diesel", "unit": "L", "co2_per_unit": 3.1}}, {"model": "carbontax.economymetric", "pk": 1, "fields": {"name": "L/100km"}}, {"model": "carbontax.economymetric", "pk": 2, "fields": {"name": "mpg"}}, {"model": "auth.permission", "pk": 1, "fields": {"name": "Can add log entry", "content_type": 1, "codename": "add_logentry"}}, {"model": "auth.permission", "pk": 2, "fields": {"name": "Can change log entry", "content_type": 1, "codename": "change_logentry"}}, {"model": "auth.permission", "pk": 3, "fields": {"name": "Can delete log entry", "content_type": 1, "codename": "delete_logentry"}}, {"model": "auth.permission", "pk": 4, "fields": {"name": "Can view log entry", "content_type": 1, "codename": "view_logentry"}}, {"model": "auth.permission", "pk": 5, "fields": {"name": "Can add permission", "content_type": 2, "codename": "add_permission"}}, {"model": "auth.permission", "pk": 6, "fields": {"name": "Can change permission", "content_type": 2, "codename": "change_permission"}}, {"model": "auth.permission", "pk": 7, "fields": {"name": "Can delete permission", "content_type": 2, "codename": "delete_permission"}}, {"model": "auth.permission", "pk": 8, "fields": {"name": "Can view permission", "content_type": 2, "codename": "view_permission"}}, {"model": "auth.permission", "pk": 9, "fields": {"name": "Can add group", "content_type": 3, "codename": "add_group"}}, {"model": "auth.permission", "pk": 10, "fields": {"name": "Can change group", "content_type": 3, "codename": "change_group"}}, {"model": "auth.permission", "pk": 11, "fields": {"name": "Can delete group", "content_type": 3, "codename": "delete_group"}}, {"model": "auth.permission", "pk": 12, "fields": {"name": "Can view group", "content_type": 3, "codename": "view_group"}}, {"model": "auth.permission", "pk": 13, "fields": {"name": "Can add user", "content_type": 4, "codename": "add_user"}}, {"model": "auth.permission", "pk": 14, "fields": {"name": "Can change user", "content_type": 4, "codename": "change_user"}}, {"model": "auth.permission", "pk": 15, "fields": {"name": "Can delete user", "content_type": 4, "codename": "delete_user"}}, {"model": "auth.permission", "pk": 16, "fields": {"name": "Can view user", "content_type": 4, "codename": "view_user"}}, {"model": "auth.permission", "pk": 17, "fields": {"name": "Can add content type", "content_type": 5, "codename": "add_contenttype"}}, {"model": "auth.permission", "pk": 18, "fields": {"name": "Can change content type", "content_type": 5, "codename": "change_contenttype"}}, {"model": "auth.permission", "pk": 19, "fields": {"name": "Can delete content type", "content_type": 5, "codename": "delete_contenttype"}}, {"model": "auth.permission", "pk": 20, "fields": {"name": "Can view content type", "content_type": 5, "codename": "view_contenttype"}}, {"model": "auth.permission", "pk": 21, "fields": {"name": "Can add session", "content_type": 6, "codename": "add_session"}}, {"model": "auth.permission", "pk": 22, "fields": {"name": "Can change session", "content_type": 6, "codename": "change_session"}}, {"model": "auth.permission", "pk": 23, "fields": {"name": "Can delete session", "content_type": 6, "codename": "delete_session"}}, {"model": "auth.permission", "pk": 24, "fields": {"name": "Can view session", "content_type": 6, "codename": "view_session"}}, {"model": "auth.permission", "pk": 25, "fields": {"name": "Can add emission instance", "content_type": 7, "codename": "add_emissioninstance"}}, {"model": "auth.permission", "pk": 26, "fields": {"name": "Can change emission instance", "content_type": 7, "codename": "change_emissioninstance"}}, {"model": "auth.permission", "pk": 27, "fields": {"name": "Can delete emission instance", "content_type": 7, "codename": "delete_emissioninstance"}}, {"model": "auth.permission", "pk": 28, "fields": {"name": "Can view emission instance", "content_type": 7, "codename": "view_emissioninstance"}}, {"model": "auth.permission", "pk": 29, "fields": {"name": "Can add economy metric", "content_type": 8, "codename": "add_economymetric"}}, {"model": "auth.permission", "pk": 30, "fields": {"name": "Can change economy metric", "content_type": 8, "codename": "change_economymetric"}}, {"model": "auth.permission", "pk": 31, "fields": {"name": "Can delete economy metric", "content_type": 8, "codename": "delete_economymetric"}}, {"model": "auth.permission", "pk": 32, "fields": {"name": "Can view economy metric", "content_type": 8, "codename": "view_economymetric"}}, {"model": "auth.permission", "pk": 33, "fields": {"name": "Can add vehicle", "content_type": 9, "codename": "add_vehicle"}}, {"model": "auth.permission", "pk": 34, "fields": {"name": "Can change vehicle", "content_type": 9, "codename": "change_vehicle"}}, {"model": "auth.permission", "pk": 35, "fields": {"name": "Can delete vehicle", "content_type": 9, "codename": "delete_vehicle"}}, {"model": "auth.permission", "pk": 36, "fields": {"name": "Can view vehicle", "content_type": 9, "codename": "view_vehicle"}}, {"model": "auth.permission", "pk": 37, "fields": {"name": "Can add fuel type", "content_type": 10, "codename": "add_fueltype"}}, {"model": "auth.permission", "pk": 38, "fields": {"name": "Can change fuel type", "content_type": 10, "codename": "change_fueltype"}}, {"model": "auth.permission", "pk": 39, "fields": {"name": "Can delete fuel type", "content_type": 10, "codename": "delete_fueltype"}}, {"model": "auth.permission", "pk": 40, "fields": {"name": "Can view fuel type", "content_type": 10, "codename": "view_fueltype"}}, {"model": "auth.permission", "pk": 41, "fields": {"name": "Can add profile", "content_type": 11, "codename": "add_profile"}}, {"model": "auth.permission", "pk": 42, "fields": {"name": "Can change profile", "content_type": 11, "codename": "change_profile"}}, {"model": "auth.permission", "pk": 43, "fields": {"name": "Can delete profile", "content_type": 11, "codename": "delete_profile"}}, {"model": "auth.permission", "pk": 44, "fields": {"name": "Can view profile", "content_type": 11, "codename": "view_profile"}}, {"model": "auth.user", "pk": 1, "fields": {"password": "pbkdf2_sha256$180000$VKMtJ5Fm0YGJ$Lmq32oQG6gZHywhnPUFWCEDYOHA/CkYNetu8R8mA9ew=", "last_login": "2020-05-12T18:38:32.203Z", "is_superuser": true, "username": "admin", "first_name": "", "last_name": "", "email": "jack.mccutchan@gmail.com", "is_staff": true, "is_active": true, "date_joined": "2020-04-21T22:21:50Z", "groups": [], "user_permissions": []}}, {"model": "auth.user", "pk": 2, "fields": {"password": "pbkdf2_sha256$180000$bsYFj0pOZ3aa$pvOEbCv0MryMPJzBfgcZsd27DaK52cju1Wm+VNHU+44=", "last_login": "2020-05-11T19:16:41.260Z", "is_superuser": false, "username": "member", "first_name": "Barney", "last_name": "Rubble", "email": "email@example.com", "is_staff": false, "is_active": true, "date_joined": "2020-04-22T21:56:51Z", "groups": [], "user_permissions": []}}, {"model": "carbontax.profile", "pk": 1, "fields": {"user": 1, "location": "Squamish", "date_of_birth": "2020-04-22"}}, {"model": "carbontax.profile", "pk": 2, "fields": {"user": 2, "location": "Squamish", "date_of_birth": "2020-05-07"}}, {"model": "carbontax.vehicle", "pk": 1, "fields": {"name": "Bee", "fuel": 2, "economy": 10.0, "owner": 1}}, {"model": "carbontax.vehicle", "pk": 2, "fields": {"name": "Trevor", "fuel": 1, "economy": 10.2, "owner": 1}}, {"model": "carbontax.vehicle", "pk": 3, "fields": {"name": "Blubber", "fuel": 2, "economy": 15.0, "owner": 2}}, {"model": "carbontax.vehicle", "pk": 4, "fields": {"name": "Dribble", "fuel": 1, "economy": 12.0, "owner": 2}}, {"model": "carbontax.vehicle", "pk": 6, "fields": {"name": "1998 Ford Escort", "fuel": 1, "economy": 9.294769825268816, "owner": 2}}, {"model": "carbontax.vehicle", "pk": 7, "fields": {"name": "My vehicle", "fuel": 1, "economy": 12.0, "owner": 2}}, {"model": "carbontax.vehicle", "pk": 8, "fields": {"name": "1998 Ford Escort000", "fuel": 1, "economy": 8.208368157380255, "owner": 2}}, {"model": "carbontax.vehicle", "pk": 9, "fields": {"name": "1998 Ford Escort", "fuel": 1, "economy": 9.294769825268816, "owner": 2}}, {"model": "carbontax.vehicle", "pk": 10, "fields": {"name": "My vehicle", "fuel": 1, "economy": 12.0, "owner": 1}}, {"model": "carbontax.vehicle", "pk": 11, "fields": {"name": "My vehicle", "fuel": 2, "economy": 12.0, "owner": 2}}, {"model": "carbontax.vehicle", "pk": 12, "fields": {"name": "My vehicledfg", "fuel": 1, "economy": 12.0, "owner": 2}}, {"model": "carbontax.vehicle", "pk": 13, "fields": {"name": "My vehicle", "fuel": 1, "economy": 123.0, "owner": 2}}, {"model": "admin.logentry", "pk": 1, "fields": {"action_time": "2020-04-22T18:54:16.663Z", "user": 1, "content_type": 8, "object_id": "1", "object_repr": "L/100km", "action_flag": 1, "change_message": "[{\"added\": {}}]"}}, {"model": "admin.logentry", "pk": 2, "fields": {"action_time": "2020-04-22T18:54:23.962Z", "user": 1, "content_type": 8, "object_id": "2", "object_repr": "mpg", "action_flag": 1, "change_message": "[{\"added\": {}}]"}}, {"model": "admin.logentry", "pk": 3, "fields": {"action_time": "2020-04-22T18:55:19.999Z", "user": 1, "content_type": 10, "object_id": "1", "object_repr": "Petrol_L", "action_flag": 1, "change_message": "[{\"added\": {}}]"}}, {"model": "admin.logentry", "pk": 4, "fields": {"action_time": "2020-04-22T18:55:35.871Z", "user": 1, "content_type": 10, "object_id": "2", "object_repr": "Diesel_L", "action_flag": 1, "change_message": "[{\"added\": {}}]"}}, {"model": "admin.logentry", "pk": 5, "fields": {"action_time": "2020-04-22T19:16:13.238Z", "user": 1, "content_type": 11, "object_id": "1", "object_repr": "admin", "action_flag": 1, "change_message": "[{\"added\": {}}]"}}, {"model": "admin.logentry", "pk": 6, "fields": {"action_time": "2020-04-22T21:53:37.193Z", "user": 1, "content_type": 9, "object_id": "1", "object_repr": "Bee", "action_flag": 1, "change_message": "[{\"added\": {}}]"}}, {"model": "admin.logentry", "pk": 7, "fields": {"action_time": "2020-04-22T21:56:51.864Z", "user": 1, "content_type": 4, "object_id": "2", "object_repr": "Member", "action_flag": 1, "change_message": "[{\"added\": {}}]"}}, {"model": "admin.logentry", "pk": 8, "fields": {"action_time": "2020-04-22T21:57:24.224Z", "user": 1, "content_type": 4, "object_id": "2", "object_repr": "Member", "action_flag": 2, "change_message": "[{\"changed\": {\"fields\": [\"First name\", \"Last name\", \"Email address\"]}}]"}}, {"model": "admin.logentry", "pk": 9, "fields": {"action_time": "2020-04-22T21:59:40.109Z", "user": 1, "content_type": 4, "object_id": "2", "object_repr": "Member", "action_flag": 2, "change_message": "[{\"changed\": {\"fields\": [\"password\"]}}]"}}, {"model": "admin.logentry", "pk": 10, "fields": {"action_time": "2020-04-22T22:00:36.370Z", "user": 1, "content_type": 4, "object_id": "2", "object_repr": "member", "action_flag": 2, "change_message": "[{\"changed\": {\"fields\": [\"Username\"]}}]"}}, {"model": "admin.logentry", "pk": 11, "fields": {"action_time": "2020-04-22T22:01:12.540Z", "user": 1, "content_type": 4, "object_id": "2", "object_repr": "member", "action_flag": 2, "change_message": "[{\"changed\": {\"fields\": [\"password\"]}}]"}}, {"model": "admin.logentry", "pk": 12, "fields": {"action_time": "2020-04-22T22:01:16.420Z", "user": 1, "content_type": 4, "object_id": "2", "object_repr": "member", "action_flag": 2, "change_message": "[]"}}, {"model": "admin.logentry", "pk": 13, "fields": {"action_time": "2020-04-22T23:04:39.063Z", "user": 1, "content_type": 4, "object_id": "1", "object_repr": "admin", "action_flag": 2, "change_message": "[]"}}, {"model": "admin.logentry", "pk": 14, "fields": {"action_time": "2020-04-23T21:55:46.886Z", "user": 1, "content_type": 4, "object_id": "3", "object_repr": "jack", "action_flag": 3, "change_message": ""}}, {"model": "admin.logentry", "pk": 15, "fields": {"action_time": "2020-04-23T21:55:46.891Z", "user": 1, "content_type": 4, "object_id": "4", "object_repr": "jack1", "action_flag": 3, "change_message": ""}}, {"model": "admin.logentry", "pk": 16, "fields": {"action_time": "2020-04-23T21:55:46.894Z", "user": 1, "content_type": 4, "object_id": "5", "object_repr": "jack2", "action_flag": 3, "change_message": ""}}, {"model": "admin.logentry", "pk": 17, "fields": {"action_time": "2020-04-23T21:55:46.896Z", "user": 1, "content_type": 4, "object_id": "6", "object_repr": "jack4", "action_flag": 3, "change_message": ""}}, {"model": "admin.logentry", "pk": 18, "fields": {"action_time": "2020-04-23T21:55:46.898Z", "user": 1, "content_type": 4, "object_id": "7", "object_repr": "jack5", "action_flag": 3, "change_message": ""}}, {"model": "admin.logentry", "pk": 19, "fields": {"action_time": "2020-04-23T21:55:46.900Z", "user": 1, "content_type": 4, "object_id": "8", "object_repr": "jack7", "action_flag": 3, "change_message": ""}}, {"model": "admin.logentry", "pk": 20, "fields": {"action_time": "2020-04-23T21:55:46.902Z", "user": 1, "content_type": 4, "object_id": "9", "object_repr": "jack8", "action_flag": 3, "change_message": ""}}, {"model": "admin.logentry", "pk": 21, "fields": {"action_time": "2020-04-23T21:55:46.903Z", "user": 1, "content_type": 4, "object_id": "10", "object_repr": "jack9", "action_flag": 3, "change_message": ""}}, {"model": "admin.logentry", "pk": 22, "fields": {"action_time": "2020-05-05T17:50:18.008Z", "user": 1, "content_type": 4, "object_id": "2", "object_repr": "member", "action_flag": 2, "change_message": "[{\"changed\": {\"fields\": [\"password\"]}}]"}}, {"model": "admin.logentry", "pk": 23, "fields": {"action_time": "2020-05-07T17:48:55.428Z", "user": 1, "content_type": 11, "object_id": "2", "object_repr": "member", "action_flag": 1, "change_message": "[{\"added\": {}}]"}}, {"model": "admin.logentry", "pk": 24, "fields": {"action_time": "2020-05-08T16:17:09.893Z", "user": 1, "content_type": 9, "object_id": "2", "object_repr": "Trevor", "action_flag": 2, "change_message": "[]"}}, {"model": "admin.logentry", "pk": 25, "fields": {"action_time": "2020-05-08T17:15:16.040Z", "user": 1, "content_type": 9, "object_id": "3", "object_repr": "Blubber", "action_flag": 1, "change_message": "[{\"added\": {}}]"}}, {"model": "admin.logentry", "pk": 26, "fields": {"action_time": "2020-05-09T17:45:04.254Z", "user": 1, "content_type": 9, "object_id": "4", "object_repr": "Dribble", "action_flag": 1, "change_message": "[{\"added\": {}}]"}}, {"model": "admin.logentry", "pk": 27, "fields": {"action_time": "2020-05-11T02:51:45.498Z", "user": 1, "content_type": 7, "object_id": "1", "object_repr": "EmissionInstance object (1)", "action_flag": 1, "change_message": "[{\"added\": {}}]"}}, {"model": "admin.logentry", "pk": 28, "fields": {"action_time": "2020-05-11T18:19:41.151Z", "user": 1, "content_type": 7, "object_id": "20", "object_repr": "EmissionInstance object (20)", "action_flag": 1, "change_message": "[{\"added\": {}}]"}}, {"model": "admin.logentry", "pk": 29, "fields": {"action_time": "2020-05-11T18:43:41.048Z", "user": 1, "content_type": 7, "object_id": "18", "object_repr": "EmissionInstance object (18)", "action_flag": 3, "change_message": ""}}, {"model": "admin.logentry", "pk": 30, "fields": {"action_time": "2020-05-11T18:43:41.053Z", "user": 1, "content_type": 7, "object_id": "17", "object_repr": "EmissionInstance object (17)", "action_flag": 3, "change_message": ""}}, {"model": "admin.logentry", "pk": 31, "fields": {"action_time": "2020-05-11T18:43:41.055Z", "user": 1, "content_type": 7, "object_id": "16", "object_repr": "EmissionInstance object (16)", "action_flag": 3, "change_message": ""}}, {"model": "admin.logentry", "pk": 32, "fields": {"action_time": "2020-05-11T18:43:41.058Z", "user": 1, "content_type": 7, "object_id": "15", "object_repr": "EmissionInstance object (15)", "action_flag": 3, "change_message": ""}}, {"model": "admin.logentry", "pk": 33, "fields": {"action_time": "2020-05-11T18:43:41.060Z", "user": 1, "content_type": 7, "object_id": "14", "object_repr": "EmissionInstance object (14)", "action_flag": 3, "change_message": ""}}, {"model": "admin.logentry", "pk": 34, "fields": {"action_time": "2020-05-11T18:43:41.062Z", "user": 1, "content_type": 7, "object_id": "13", "object_repr": "EmissionInstance object (13)", "action_flag": 3, "change_message": ""}}, {"model": "admin.logentry", "pk": 35, "fields": {"action_time": "2020-05-11T18:43:41.068Z", "user": 1, "content_type": 7, "object_id": "12", "object_repr": "EmissionInstance object (12)", "action_flag": 3, "change_message": ""}}, {"model": "admin.logentry", "pk": 36, "fields": {"action_time": "2020-05-11T18:43:41.071Z", "user": 1, "content_type": 7, "object_id": "11", "object_repr": "EmissionInstance object (11)", "action_flag": 3, "change_message": ""}}, {"model": "admin.logentry", "pk": 37, "fields": {"action_time": "2020-05-11T18:43:41.075Z", "user": 1, "content_type": 7, "object_id": "10", "object_repr": "EmissionInstance object (10)", "action_flag": 3, "change_message": ""}}, {"model": "admin.logentry", "pk": 38, "fields": {"action_time": "2020-05-11T18:43:41.080Z", "user": 1, "content_type": 7, "object_id": "9", "object_repr": "EmissionInstance object (9)", "action_flag": 3, "change_message": ""}}, {"model": "admin.logentry", "pk": 39, "fields": {"action_time": "2020-05-11T18:43:41.084Z", "user": 1, "content_type": 7, "object_id": "8", "object_repr": "EmissionInstance object (8)", "action_flag": 3, "change_message": ""}}, {"model": "admin.logentry", "pk": 40, "fields": {"action_time": "2020-05-11T18:43:41.086Z", "user": 1, "content_type": 7, "object_id": "7", "object_repr": "EmissionInstance object (7)", "action_flag": 3, "change_message": ""}}, {"model": "admin.logentry", "pk": 41, "fields": {"action_time": "2020-05-11T18:43:41.089Z", "user": 1, "content_type": 7, "object_id": "6", "object_repr": "EmissionInstance object (6)", "action_flag": 3, "change_message": ""}}, {"model": "admin.logentry", "pk": 42, "fields": {"action_time": "2020-05-11T18:43:41.091Z", "user": 1, "content_type": 7, "object_id": "5", "object_repr": "EmissionInstance object (5)", "action_flag": 3, "change_message": ""}}, {"model": "admin.logentry", "pk": 43, "fields": {"action_time": "2020-05-11T18:43:41.092Z", "user": 1, "content_type": 7, "object_id": "4", "object_repr": "EmissionInstance object (4)", "action_flag": 3, "change_message": ""}}, {"model": "admin.logentry", "pk": 44, "fields": {"action_time": "2020-05-11T18:43:41.094Z", "user": 1, "content_type": 7, "object_id": "3", "object_repr": "EmissionInstance object (3)", "action_flag": 3, "change_message": ""}}, {"model": "admin.logentry", "pk": 45, "fields": {"action_time": "2020-05-11T18:43:41.096Z", "user": 1, "content_type": 7, "object_id": "2", "object_repr": "EmissionInstance object (2)", "action_flag": 3, "change_message": ""}}, {"model": "admin.logentry", "pk": 46, "fields": {"action_time": "2020-05-11T18:43:41.097Z", "user": 1, "content_type": 7, "object_id": "1", "object_repr": "EmissionInstance object (1)", "action_flag": 3, "change_message": ""}}, {"model": "admin.logentry", "pk": 47, "fields": {"action_time": "2020-05-11T18:58:09.966Z", "user": 1, "content_type": 7, "object_id": "36", "object_repr": "EmissionInstance object (36)", "action_flag": 1, "change_message": "[{\"added\": {}}]"}}, {"model": "admin.logentry", "pk": 48, "fields": {"action_time": "2020-05-11T19:05:13.063Z", "user": 1, "content_type": 7, "object_id": "36", "object_repr": "EmissionInstance object (36)", "action_flag": 3, "change_message": ""}}, {"model": "admin.logentry", "pk": 49, "fields": {"action_time": "2020-05-11T19:05:13.066Z", "user": 1, "content_type": 7, "object_id": "20", "object_repr": "EmissionInstance object (20)", "action_flag": 3, "change_message": ""}}, {"model": "admin.logentry", "pk": 50, "fields": {"action_time": "2020-05-12T19:27:16.256Z", "user": 1, "content_type": 9, "object_id": "4", "object_repr": "Dribble", "action_flag": 2, "change_message": "[{\"changed\": {\"fields\": [\"Fuel\"]}}]"}}, {"model": "admin.logentry", "pk": 51, "fields": {"action_time": "2020-05-12T19:27:25.728Z", "user": 1, "content_type": 9, "object_id": "3", "object_repr": "Blubber", "action_flag": 2, "change_message": "[{\"changed\": {\"fields\": [\"Fuel\"]}}]"}}, {"model": "admin.logentry", "pk": 52, "fields": {"action_time": "2020-05-12T19:27:32.154Z", "user": 1, "content_type": 9, "object_id": "2", "object_repr": "Trevor", "action_flag": 2, "change_message": "[{\"changed\": {\"fields\": [\"Fuel\"]}}]"}}, {"model": "admin.logentry", "pk": 53, "fields": {"action_time": "2020-05-12T19:27:39.079Z", "user": 1, "content_type": 9, "object_id": "1", "object_repr": "Bee", "action_flag": 2, "change_message": "[{\"changed\": {\"fields\": [\"Fuel\"]}}]"}}, {"model": "admin.logentry", "pk": 54, "fields": {"action_time": "2020-05-12T21:13:43.149Z", "user": 1, "content_type": 9, "object_id": "10", "object_repr": "My vehicle", "action_flag": 3, "change_message": ""}}, {"model": "admin.logentry", "pk": 55, "fields": {"action_time": "2020-05-12T21:13:43.153Z", "user": 1, "content_type": 9, "object_id": "9", "object_repr": "My vehicle14", "action_flag": 3, "change_message": ""}}, {"model": "admin.logentry", "pk": 56, "fields": {"action_time": "2020-05-12T21:13:43.154Z", "user": 1, "content_type": 9, "object_id": "8", "object_repr": "My vehicle", "action_flag": 3, "change_message": ""}}, {"model": "admin.logentry", "pk": 57, "fields": {"action_time": "2020-05-12T21:13:43.156Z", "user": 1, "content_type": 9, "object_id": "7", "object_repr": "My vehicle", "action_flag": 3, "change_message": ""}}, {"model": "admin.logentry", "pk": 58, "fields": {"action_time": "2020-05-12T21:13:43.158Z", "user": 1, "content_type": 9, "object_id": "6", "object_repr": "My vehicle", "action_flag": 3, "change_message": ""}}, {"model": "admin.logentry", "pk": 59, "fields": {"action_time": "2020-05-12T21:13:43.159Z", "user": 1, "content_type": 9, "object_id": "5", "object_repr": "My vehicle", "action_flag": 3, "change_message": ""}}, {"model": "admin.logentry", "pk": 60, "fields": {"action_time": "2020-05-12T21:13:50.154Z", "user": 1, "content_type": 9, "object_id": "4", "object_repr": "Dribble", "action_flag": 2, "change_message": "[{\"changed\": {\"fields\": [\"Fuel\"]}}]"}}, {"model": "admin.logentry", "pk": 61, "fields": {"action_time": "2020-05-12T21:13:55.740Z", "user": 1, "content_type": 9, "object_id": "3", "object_repr": "Blubber", "action_flag": 2, "change_message": "[{\"changed\": {\"fields\": [\"Fuel\"]}}]"}}, {"model": "admin.logentry", "pk": 62, "fields": {"action_time": "2020-05-12T21:14:00.677Z", "user": 1, "content_type": 9, "object_id": "2", "object_repr": "Trevor", "action_flag": 2, "change_message": "[{\"changed\": {\"fields\": [\"Fuel\"]}}]"}}, {"model": "admin.logentry", "pk": 63, "fields": {"action_time": "2020-05-12T21:14:05.323Z", "user": 1, "content_type": 9, "object_id": "1", "object_repr": "Bee", "action_flag": 2, "change_message": "[{\"changed\": {\"fields\": [\"Fuel\"]}}]"}}, {"model": "admin.logentry", "pk": 64, "fields": {"action_time": "2020-05-13T18:20:58.423Z", "user": 1, "content_type": 9, "object_id": "5", "object_repr": "My vehicle", "action_flag": 3, "change_message": ""}}, {"model": "admin.logentry", "pk": 65, "fields": {"action_time": "2020-05-13T18:21:17.875Z", "user": 1, "content_type": 10, "object_id": "1", "object_repr": "Petty", "action_flag": 2, "change_message": "[{\"changed\": {\"fields\": [\"Name\"]}}]"}}, {"model": "admin.logentry", "pk": 66, "fields": {"action_time": "2020-05-13T18:21:39.166Z", "user": 1, "content_type": 10, "object_id": "1", "object_repr": "Petrol", "action_flag": 2, "change_message": "[{\"changed\": {\"fields\": [\"Name\"]}}]"}}]